<configuration xmlns="urn:hornetq"
               xmlns:xsi="http://www.w3.org/2001/XMLSchema-instance"
               xsi:schemaLocation="urn:hornetq /schema/hornetq-configuration.xsd">

    <persistence-enabled>false</persistence-enabled>
    <!-- Connectors -->

    <connectors>
        <!--<connector name="in-vm">-->
            <!--<factory-class>org.hornetq.core.remoting.impl.invm.InVMConnectorFactory</factory-class>-->
        <!--</connector>-->
        <connector name="netty-connector">
            <factory-class>
                org.hornetq.core.remoting.impl.netty.NettyConnectorFactory
            </factory-class>
            <param key="port" value="5446"/>
        </connector>
    </connectors>

    <acceptors>
        <!--<acceptor name="in-vm">-->
            <!--<factory-class>org.hornetq.core.remoting.impl.invm.InVMAcceptorFactory</factory-class>-->
        <!--</acceptor>-->
        <acceptor name="netty-acceptor">
            <factory-class>
                org.hornetq.core.remoting.impl.netty.NettyAcceptorFactory
            </factory-class>
            <param key="port" value="5446"/>
        </acceptor>
    </acceptors>

    <!-- Other config -->

    <security-settings>
        <!--security for example queue-->
        <security-setting match="#">
            <permission type="createDurableQueue" roles="guest"/>
            <permission type="deleteDurableQueue" roles="guest"/>
            <permission type="createNonDurableQueue" roles="guest"/>
            <permission type="deleteNonDurableQueue" roles="guest"/>
            <permission type="consume" roles="guest"/>
            <permission type="send" roles="guest"/>
        </security-setting>
    </security-settings>

</configuration>
